<?xml version="1.0" encoding="UTF-8"?>
<project xmlns="http://maven.apache.org/POM/4.0.0" xmlns:xsi="http://www.w3.org/2001/XMLSchema-instance"
	xsi:schemaLocation="http://maven.apache.org/POM/4.0.0 https://maven.apache.org/xsd/maven-4.0.0.xsd">
	<modelVersion>4.0.0</modelVersion>
	<parent>
		<groupId>org.springframework.boot</groupId>
		<artifactId>spring-boot-starter-parent</artifactId>
		<version>2.7.17</version>
		<relativePath/> <!-- lookup parent from repository -->
	</parent>
	<groupId>com.ssafy</groupId>
	<artifactId>enjoytrip_03</artifactId>
	<version>0.0.1-SNAPSHOT</version>
	<name>enjoytrip_03</name>
	<packaging>jar</packaging>
	<description>Demo project for Spring Boot</description>
	<properties>
		<java.version>1.8</java.version>
		<!-- jar 배포용 -->
		<project.build.sourceEncoding>UTF-8</project.build.sourceEncoding>
		<project.reporting.outputEncoding>UTF-8</project.reporting.outputEncoding>
		<maven.compiler.source>1.8</maven.compiler.source>
		<maven.compiler.target>1.8</maven.compiler.target>
		<!--main 함수가 있는 class 경로-->
		<start-class>com.ssafy.trip.Enjoytrip03Application</start-class>
	</properties>
	<dependencies>
		<dependency>
			<groupId>org.springframework.boot</groupId>
			<artifactId>spring-boot-starter-web</artifactId>
		</dependency>
		<dependency>
			<groupId>org.springframework.boot</groupId>
			<artifactId>spring-boot-starter-aop</artifactId>
		</dependency>
		<dependency>
			<groupId>org.mybatis.spring.boot</groupId>
			<artifactId>mybatis-spring-boot-starter</artifactId>
			<version>2.3.0</version>
		</dependency>

		<dependency>
			<groupId>org.springframework.boot</groupId>
			<artifactId>spring-boot-devtools</artifactId>
			<scope>runtime</scope>
			<optional>true</optional>
		</dependency>
		<dependency>
			<groupId>com.mysql</groupId>
			<artifactId>mysql-connector-j</artifactId>
			<scope>runtime</scope>
		</dependency>
		<dependency>
			<groupId>org.springframework.boot</groupId>
			<artifactId>spring-boot-starter-test</artifactId>
			<scope>test</scope>
		</dependency>

		<!-- JSP Setting -->
		<dependency>
			<groupId>javax.servlet</groupId>
			<artifactId>jstl</artifactId>
		</dependency>
		<dependency>
			<groupId>org.apache.tomcat.embed</groupId>
			<artifactId>tomcat-embed-jasper</artifactId>
		</dependency>

		<!-- Datasource를 사용하기 위해 commons-dbcp2를 추가. -->
		<dependency>
			<groupId>org.apache.commons</groupId>
			<artifactId>commons-dbcp2</artifactId>
		</dependency>

		<!-- swagger를 위한 의존성 추가. springfox로 검색 -->
		<!-- https://mvnrepository.com/artifact/io.springfox/springfox-boot-starter -->
		<dependency>
			<groupId>io.springfox</groupId>
			<artifactId>springfox-boot-starter</artifactId>
			<version>3.0.0</version>
		</dependency>
		<dependency>
			<groupId>io.springfox</groupId>
			<artifactId>springfox-swagger-ui</artifactId>
			<version>3.0.0</version>
			<!-- solved NumberFormatException in swagger2 -->
			<exclusions>
				<exclusion>
					<groupId>io.swagger</groupId>
					<artifactId>swagger-annotations</artifactId>
				</exclusion>
				<exclusion>
					<groupId>io.swagger</groupId>
					<artifactId>swagger-models</artifactId>
				</exclusion>
			</exclusions>
		</dependency>
		<!-- solved NumberFormatException in swagger2 -->
		<dependency>
			<groupId>io.swagger</groupId>
			<artifactId>swagger-annotations</artifactId>
			<version>1.5.21</version>
		</dependency>
		<dependency>
			<groupId>io.swagger</groupId>
			<artifactId>swagger-models</artifactId>
			<version>1.5.21</version>
		</dependency>

		<!-- lombok -->
		<dependency>
			<groupId>org.projectlombok</groupId>
			<artifactId>lombok</artifactId>
		</dependency>
		
		<!-- JWT -->
      	<!-- https://mvnrepository.com/artifact/io.jsonwebtoken/jjwt -->
		<dependency>
		    <groupId>io.jsonwebtoken</groupId>
		    <artifactId>jjwt</artifactId>
		    <version>0.9.1</version>
		</dependency>
      	
		<!-- jdk11 이상일경우 javax.xml.bind.annotation.XmlType 에러 발생 (아래 추가로 해결) -->
		<dependency>
		    <groupId>org.glassfish.jaxb</groupId>
		    <artifactId>jaxb-runtime</artifactId>
		</dependency>

	</dependencies>

	<build>
		<plugins>
			<!-- Java 8 바이트코드로 컴파일 -->
			<plugin>
				<artifactId>maven-compiler-plugin</artifactId>
				<configuration>
					<release>8</release>
				</configuration>
			</plugin>
			<!-- 스프링부트 실행 JAR 생성 -->
			<plugin>
				<groupId>org.springframework.boot</groupId>
				<artifactId>spring-boot-maven-plugin</artifactId>
				<configuration>
					<mainClass>com.ssafy.trip.Enjoytrip03Application</mainClass>
				</configuration>
				<executions>
					<execution>
						<goals>
							<goal>repackage</goal>
						</goals>
					</execution>
				</executions>
			</plugin>
		</plugins>

	</build>

</project>
