<?xml version="1.0" encoding="UTF-8" ?>
<!DOCTYPE mapper PUBLIC "-//mybatis.org//DTD Mapper 3.0//EN"
        "http://mybatis.org/dtd/mybatis-3-mapper.dtd">

<mapper namespace="com.ssafy.trip.board.model.dao.BoardDao">

    <resultMap type="board" id="article">
        <result column="article_no" property="articleNo"/>
        <result column="user_id" property="userId"/>
        <result column="user_name" property="userName"/>
        <result column="subject" property="subject"/>
        <result column="content" property="content"/>
        <result column="hit" property="hit"/>
        <result column="register_time" property="registerTime"/>
        <association property="fileInfo" resultMap="file"/>
    </resultMap>

    <resultMap type="fileInfo" id="file">
        <result column="save_folder" property="saveFolder"/>
        <result column="original_file" property="originalFile"/>
        <result column="save_file" property="saveFile"/>
    </resultMap>

    <insert id="writeArticle" parameterType="board">
        insert into board (user_id, subject, content, hit, register_time)
        values (#{userId}, #{subject}, #{content}, 0, now())
        <selectKey resultType="int" keyProperty="articleNo" order="AFTER">
            select last_insert_id()
        </selectKey>
    </insert>

    <insert id="registerFile" parameterType="board">
        insert into file_info (article_no, save_folder, original_file, save_file)
        values (#{articleNo}, #{fileInfo.saveFolder}, #{fileInfo.originalFile}, #{fileInfo.saveFile})
    </insert>

    <sql id="search">
        <if test="word != null and word != ''">
            <if test="key == 'subject'">
                and subject like concat('%', #{word}, '%')
            </if>
            <if test="key != 'subject'">
                and ${key} = #{word}
            </if>
        </if>
    </sql>

    <select id="listArticle" parameterType="map" resultMap="article">
        select b.article_no, b.user_id, b.subject, b.content, b.hit, b.register_time, m.user_name
        from board b, users m
        where b.user_id = m.user_id
        <include refid="search"></include>
        order by b.article_no desc
        limit #{start}, #{listsize}
    </select>

    <select id="getTotalArticleCount" parameterType="map" resultType="int">
        select count(article_no)
        from board
        <where>
            <include refid="search"></include>
        </where>
    </select>

    <select id="getArticle" parameterType="int" resultMap="article">
        select b.article_no, b.user_id, b.subject, b.content, b.hit, b.register_time, m.user_name
        from board b, users m
        where b.user_id = m.user_id
          and b.article_no = #{articleNo}
    </select>

    <select id="fileInfo" resultMap="file">
        select save_folder, original_file, save_file
        from file_info
        where article_no = #{articleNo}
    </select>

    <update id="updateHit" parameterType="int">
        update board
        set hit = hit + 1
        where article_no = #{articleNo}
    </update>

    <update id="modifyArticle" parameterType="board">
        update board
        set subject = #{subject}, content = #{content}
        where article_no = #{articleNo}
    </update>

    <delete id="deleteFile" parameterType="int">
        delete from file_info
        where article_no = #{articleNo}
    </delete>

    <update id="updateFile" parameterType="fileInfo">
        update file_info
        set save_folder = #{saveFolder}, original_file=#{originalFile}, save_file=#{saveFile}
        where article_no = #{articleNo}
    </update>

    <delete id="deleteArticle" parameterType="int">
        delete from board
        where article_no = #{articleNo}
    </delete>

</mapper>
